{
  "usingComponents": {
    "van-button": "/vant/button/index",
    "van-row": "/vant/row/index",
    "van-col": "/vant/col/index",
    "van-notice-bar": "/vant/notice-bar/index",
    "van-dialog": "/vant/dialog/index",
    "van-field": "/vant/field/index",
    "van-panel": "/vant/panel/index",
      "van-cell": "/vant/cell/index",
      "van-cell-group": "/vant/cell-group/index",
      "van-icon": "/vant/icon/index",
      "van-tag": "/vant/tag/index",
        "van-tab": "/vant/tab/index",
        "van-tabs": "/vant/tabs/index"

  }
}