{
	"miniprogramRoot": "miniprogram/",
	"cloudfunctionRoot": "cloudfunctions/",
	"setting": {
		"urlCheck": false,
		"es6": true,
		"postcss": true,
		"minified": true,
		"newFeature": true,
		"nodeModules": true
	},
	"appid": "wxf66c2643f8e8b2de",
	"projectname": "%E6%B0%91%E8%B0%83%E4%BA%91",
	"libVersion": "2.3.0",
	"condition": {
		"search": {
			"current": -1,
			"list": []
		},
		"conversation": {
			"current": -1,
			"list": []
		},
		"plugin": {
			"current": -1,
			"list": []
		},
		"game": {
			"list": []
		},
		"miniprogram": {
			"current": 1,
			"list": [
				{
					"id": -1,
					"name": "db guide",
					"pathName": "pages/databaseGuide/databaseGuide",
					"query": ""
				},
				{
					"id": 1,
					"name": "shareTicket",
					"pathName": "pages/index/index",
					"query": "",
					"scene": "1008"
				},
				{
					"id": -1,
					"name": "vant",
					"pathName": "pages/vant/vant",
					"query": ""
				}
			]
		}
	}
}